breast_idx,breast_pre
+|TRINITY_DN102854_c0_g1_i1:126..164,529.753854
+|TRINITY_DN102854_c0_g1_i1:141..164,518.819874
