breast_idx,breast_pre
AmphiArc1,7.021144
AmphiArc2,5.202839
Gradient2,13.60195
AmphiArc3,41.909276
AmphiArc4,165.192074
Gradient1,13.943705
Gradient3,53.578853
Gradient4,500.520515
Helical2,3.028682
Helical3,142.626451
Helical4,64.467731
